generator,best_model,TSTR_R2,TRTR_R2,median_DCR,risk_frac_DCR_lt_0p1,risk_count_DCR_lt_0p1,corr_avg
gaussian_copula,rf,-0.2444594824017649,-0.5979987469088079,1.1612643278414954,0.19285714285714287,27,
tvae,mlp,-0.340507812677523,-3.184214075557947,0.3357538273923012,0.4357142857142857,61,
ctgan,rf,-0.7723645525642494,-0.5958479469772123,1.3383864742824896,0.06428571428571428,9,
tabddpm,rf,-1.9688531717472464,-0.6328472998816204,1.5475958258626434,0.24285714285714285,34,
