generator,best_model,TSTR_R2,TRTR_R2,median_DCR,risk_frac_DCR_lt_0p1,risk_count_DCR_lt_0p1,corr_avg
gaussian_copula,rf,-0.2296681444105939,-0.6146079146343522,1.1566655724636599,0.19285714285714287,27,
tvae,rf,-0.25360408593210276,-0.6519649428085599,0.0,0.5785714285714286,81,
ctgan,rf,-0.9101225808183109,-0.6415074450724917,1.2895676571028338,0.03571428571428571,5,
tabddpm,rf,-1.0850597486660278,-0.6418819701303364,1.4965998332701147,0.20714285714285716,29,
