scenario,generator,model,n_repeats,TSTR_mean,TSTR_ci95_low,TSTR_ci95_high,TRTR_mean,TRTR_ci95_low,TRTR_ci95_high,Delta_mean,Delta_ci95_low,Delta_ci95_high
baseline_0pct,ctgan,lr,5,-0.096105,-0.253948,0.061738,-0.534983,-0.803338,-0.266627,0.438878,0.126965,0.750790
baseline_0pct,gaussian_copula,lr,5,0.067038,-0.074838,0.208913,-0.534983,-0.803338,-0.266627,0.602021,0.246517,0.957524
baseline_0pct,tabddpm,lr,5,-0.254295,-0.506818,-0.001771,-0.534983,-0.803338,-0.266627,0.280688,-0.173722,0.735098
baseline_0pct,tvae,lr,5,-0.294440,-0.474386,-0.114493,-0.534983,-0.803338,-0.266627,0.240543,-0.122660,0.603747
sensitivity_1pct,ctgan,lr,5,-0.108902,-0.244514,0.026711,-0.534983,-0.803338,-0.266627,0.426081,0.068833,0.783330
sensitivity_1pct,gaussian_copula,lr,5,0.068689,-0.070905,0.208282,-0.534983,-0.803338,-0.266627,0.603672,0.249360,0.957983
sensitivity_1pct,tabddpm,lr,5,-0.337287,-0.788888,0.114315,-0.534983,-0.803338,-0.266627,0.197696,-0.196522,0.591915
sensitivity_1pct,tvae,rf,5,-0.280207,-0.574955,0.014541,-0.305578,-0.429467,-0.181689,0.025371,-0.258034,0.308776
