scenario,generator,model,n_repeats,TSTR_mean,TSTR_ci95_low,TSTR_ci95_high,TRTR_mean,TRTR_ci95_low,TRTR_ci95_high,Delta_mean,Delta_ci95_low,Delta_ci95_high
baseline_0pct,ctgan,gbr,1,0.04095943039833805,,,0.2393000698758445,,,-0.19834063947750646,,
baseline_0pct,gaussian_copula,lr,1,-0.17336154013413774,,,-0.3662506046372962,,,0.19288906450315846,,
baseline_0pct,tabddpm,lr,1,-0.195969822521475,,,-0.3662506046372962,,,0.1702807821158212,,
baseline_0pct,tvae,lr,1,-0.13914378918983084,,,-0.3662506046372962,,,0.22710681544746536,,
sensitivity_1pct,ctgan,gbr,1,0.16428716260402165,,,0.2393000698758445,,,-0.07501290727182286,,
sensitivity_1pct,gaussian_copula,lr,1,-0.17806870908839434,,,-0.3662506046372962,,,0.18818189554890186,,
sensitivity_1pct,tabddpm,lr,1,0.09165417811200605,,,-0.3662506046372962,,,0.45790478274930224,,
sensitivity_1pct,tvae,lr,1,-0.32908583839885486,,,-0.3662506046372962,,,0.03716476623844134,,
