scenario,generator,n_realisations,ICD_mean,ICD_ci95_low,ICD_ci95_high,mean_S_mean,mean_S_ci95_low,mean_S_ci95_high,mean_M_mean,mean_M_ci95_low,mean_M_ci95_high,mean_D_mean,mean_D_ci95_low,mean_D_ci95_high,spurious_rate_mean,spurious_rate_ci95_low,spurious_rate_ci95_high
baseline_0pct,tvae,10,0.47990000000000005,0.38199945870303637,0.5778005412969638,0.9,0.7491895224801197,1.0508104775198803,0.0,0.0,0.0,0.6,0.37378428372017947,0.8262157162798205,0.2,0.09504034971542906,0.30495965028457095
baseline_0pct,gaussian_copula,10,0.3330000000000001,0.333,0.33300000000000013,0.5,0.5,0.5,0.0,0.0,0.0,0.5,0.5,0.5,0.0,0.0,0.0
baseline_0pct,tabddpm,10,0.3324,0.17813953123181633,0.4866604687681836,0.7,0.44990911580611453,0.9500908841938853,0.05,-0.06310785813991024,0.16310785813991024,0.3,0.04990911580611457,0.5500908841938854,0.175,0.06189214186008975,0.28810785813991024
baseline_0pct,ctgan,10,0.24499999999999997,0.18392920448953487,0.30607079551046507,0.6,0.4491895224801197,0.7508104775198803,0.0,0.0,0.0,0.15,-0.022775107206821882,0.3227751072068219,0.05,-0.012522721048471352,0.11252272104847136
sensitivity_1pct,tvae,10,0.5362,0.4504560534664396,0.6219439465335604,0.95,0.8368921418600898,1.0631078581399103,0.0,0.0,0.0,0.7,0.5152956411054099,0.88470435889459,0.1375,0.04857855003506266,0.22642144996493735
sensitivity_1pct,gaussian_copula,10,0.3330000000000001,0.333,0.33300000000000013,0.5,0.5,0.5,0.0,0.0,0.0,0.5,0.5,0.5,0.0,0.0,0.0
sensitivity_1pct,tabddpm,10,0.2732,0.16306920962144184,0.38333079037855816,0.65,0.4085854440334082,0.8914145559665918,0.1,-0.050810477519880326,0.25081047751988034,0.1,-0.050810477519880326,0.25081047751988034,0.1,-0.017726391281144893,0.2177263912811449
sensitivity_1pct,ctgan,10,0.15799999999999997,0.10135164186571236,0.2146483581342876,0.5,0.3313887602731719,0.6686112397268281,0.0,0.0,0.0,0.0,0.0,0.0,0.0875,0.02714636100835202,0.14785363899164797
